<?xml version="1.0" encoding="UTF-8" standalone="yes"?>
<webApiHaul xmlns:a="http://www.appian.com/ae/types/2009">
    <versionUuid>07159c99-2f5b-467c-8302-ee8b462d578f</versionUuid>
    <webApi a:uuid="3827fd17-ecef-40e7-bb62-ac87d059139a" name="LA_QueryCustomerAPI">
        <a:description></a:description>
        <a:expression>with(
  /*
  * Run the "queryrecord()" function on "cons!LA_CUSTOMER_RECORD" to retrieve data for the
  * first 50 records and store this data in a local variable named "local!records".
  */
  local!records: queryrecord(
    #"_a-0000e0af-484c-8000-8592-01ef9001ef90_109396",
    #"SYSTEM_SYSRULES_query"(
      filter: if(
        isnull(
          http!request.queryParameters.id
        ),
        null,
        #"SYSTEM_SYSRULES_queryFilter"(
          field: "customerID",
          operator: "=",
          value: tointeger(
            http!request.queryParameters.id
          )
        )
      ),
      pagingInfo: #"SYSTEM_SYSRULES_pagingInfo"(
        startIndex: 1,
        batchSize: 50
      )
    )
  ).data,
  /*
  * Construct an HTTP response that contains the information that we just stored
  * in "local!records".
  */
  #"SYSTEM_SYSRULES_httpResponse_v1"(
    /*
    * Set an HTTP header that tells the client that the body of the response
    * will be JSON-encoded.
    */
    headers: {
      #"SYSTEM_SYSRULES_httpHeader"(
        name: "Content-Type",
        value: "application/json"
      )
    },
    /*
    * JSON-encode the value of "local!records" and place it in the response body.
    */
    body: #"SYSTEM_SYSRULES_toJson_v1"(
      value: /*http!request.headers*/
      local!records/*local!records*/
      
    )
  )
)</a:expression>
        <a:urlAlias>query-customer</a:urlAlias>
        <a:httpMethod>GET</a:httpMethod>
        <a:system>false</a:system>
    </webApi>
    <roleMap>
        <role name="web_api_administrator">
            <users>
                <userUuid>Tammina.Trainee</userUuid>
            </users>
            <groups/>
        </role>
    </roleMap>
    <typedValue>
        <type>
            <name>WebApiRequest?list</name>
            <namespace>http://www.appian.com/ae/types/2009</namespace>
        </type>
        <value>
            <el>
                <a:path/>
                <a:body/>
            </el>
        </value>
    </typedValue>
    <history>
        <historyInfo versionUuid="07159c99-2f5b-467c-8302-ee8b462d578f"/>
    </history>
</webApiHaul>
