<?xml version="1.0" encoding="UTF-8" standalone="yes"?>
<webApiHaul xmlns:a="http://www.appian.com/ae/types/2009">
    <versionUuid>720c82c9-3a1b-471d-8dec-d21244127a63</versionUuid>
    <webApi a:uuid="cb352d52-34a7-456d-88ba-ade6d15c1a0d" name="LA_CreateCustomerAPI">
        <a:description></a:description>
        <a:expression>with(
  local!value: cast(
    'type!{urn:com:appian:types:LearnAppian}LA_Customer',
    #"SYSTEM_SYSRULES_fromJson"(http!request.body)
  ),
  #"SYSTEM_SYSRULES_writeToDataStoreEntity"(
    dataStoreEntity: #"_a-0000e0af-484c-8000-8592-01ef9001ef90_109403",
    valueToStore: local!value,
    onSuccess: #"SYSTEM_SYSRULES_httpResponse_v1"(
      statusCode: 200,
      headers: {
        #"SYSTEM_SYSRULES_httpHeader"(name: "Content-Type", value: "application/json")
      },
      body: #"SYSTEM_SYSRULES_toJson_v1"(
        fv!storedValues
      )
    ),
    onError: #"SYSTEM_SYSRULES_httpResponse_v1"(
      statusCode: 500,
      headers: {
        #"SYSTEM_SYSRULES_httpHeader"(name: "Content-Type", value: "application/json")
      },
      body: #"SYSTEM_SYSRULES_toJson_v1"(
        {
          error: "There was an error writing to the data store"
        }
      )
    )
  )
)</a:expression>
        <a:urlAlias>create-customer</a:urlAlias>
        <a:httpMethod>POST</a:httpMethod>
        <a:system>false</a:system>
    </webApi>
    <roleMap>
        <role name="web_api_administrator">
            <users>
                <userUuid>Tammina.Trainee</userUuid>
            </users>
            <groups/>
        </role>
    </roleMap>
    <typedValue>
        <type>
            <name>WebApiRequest?list</name>
            <namespace>http://www.appian.com/ae/types/2009</namespace>
        </type>
        <value>
            <el>
                <a:path/>
                <a:headers>
                    <a:name>Content-Type</a:name>
                    <a:value>application/json</a:value>
                </a:headers>
                <a:body>{}</a:body>
            </el>
        </value>
    </typedValue>
    <history>
        <historyInfo versionUuid="720c82c9-3a1b-471d-8dec-d21244127a63"/>
    </history>
</webApiHaul>
