<?xml version="1.0" encoding="UTF-8"?>
<recordTypeHaul xmlns:a="http://www.appian.com/ae/types/2009" xmlns:xsi="http://www.w3.org/2001/XMLSchema-instance">
  <versionUuid>a81693c7-b958-428a-89f1-ac12af925543</versionUuid>
  <recordType a:uuid="86aec6b1-fa2e-434d-88b1-bd2966fe7aa1" name="LA_CustomerRecord">
    <a:pluralName>LA_CustomerRecords</a:pluralName>
    <a:description>to list all customer records</a:description>
    <a:urlStub>jjqRgg</a:urlStub>
    <a:source
      a:uuid="0e59da26-0ca2-4b0b-8c10-f2f8116fc486@_a-0000e0af-484c-8000-8592-01ef9001ef90_109322" xsi:type="a:DataStoreEntity"/>
    <a:listViewTemplateExpr>#"SYSTEM_SYSRULES_recordGridLayoutColumns"(
  pageSize: 50,
  defaultSort: #"SYSTEM_SYSRULES_sortInfo"(
    field: "name",
    ascending: fn!true()
  ),
  columns: {
    #"SYSTEM_SYSRULES_gridLayoutColumn"(
      label: "Name",
      field: "name",
      component: #"SYSTEM_SYSRULES_recordGrid_linkField"(
        links: #"SYSTEM_SYSRULES_recordLink"(
          label: rf!name,
          recordType: rp!type,
          identifier: rp!id
        )
      )
    ),
    #"SYSTEM_SYSRULES_gridLayoutColumn"(
      label: "Phone",
      field: "phone",
      component: #"SYSTEM_SYSRULES_recordGrid_textField"(
        displayValue: rf!phone,
        align: null
      )
    ),
    #"SYSTEM_SYSRULES_gridLayoutColumn"(
      label: "Email ID",
      field: "emailID",
      component: #"SYSTEM_SYSRULES_recordGrid_textField"(
        displayValue: rf!emailID,
        align: null
      )
    ),
    #"SYSTEM_SYSRULES_gridLayoutColumn"(
      label: "Customer ID",
      field: "customerID",
      component: #"SYSTEM_SYSRULES_recordGrid_integerField"(
        displayValue: rf!customerID,
        align: "RIGHT"
      )
    )
  },
  shadeAlternateRows: true
)</a:listViewTemplateExpr>
    <a:detailViewCfg>
      <a:nameExpr>="Summary"</a:nameExpr>
      <a:uiExpr/>
      <a:visibilityExpr>=true()</a:visibilityExpr>
      <a:urlStub>summary</a:urlStub>
      <a:headerExpr/>
    </a:detailViewCfg>
    <a:isSystem>false</a:isSystem>
    <a:dataSrcExpr/>
    <a:facetsListExpr/>
    <a:titleExpr/>
    <a:defaultFiltersExpr/>
    <a:layoutType>GRID</a:layoutType>
    <a:security>16383</a:security>
    <a:hideLatestNews>false</a:hideLatestNews>
    <a:isExportable>true</a:isExportable>
  </recordType>
  <roleMap>
    <role name="record_type_administrator">
      <users>
        <userUuid>Tammina.Trainee</userUuid>
      </users>
      <groups/>
    </role>
  </roleMap>
  <history>
    <historyInfo versionUuid="a81693c7-b958-428a-89f1-ac12af925543"/>
  </history>
</recordTypeHaul>
