<?xml version="1.0" encoding="UTF-8" standalone="yes"?>
<dataStoreHaul xmlns:a="http://www.appian.com/ae/types/2009">
    <versionUuid>_a-0000e0af-484c-8000-8592-01ef9001ef90_109384</versionUuid>
    <dataStore>
        <uuid>_a-0000e0af-484c-8000-8592-01ef9001ef90_109322</uuid>
        <name>LearnAppian</name>
        <description>datastore to connect with database entity</description>
        <dataSourceKey>jdbc/BusinessDS</dataSourceKey>
        <adaptingExplicitSqlNames>false</adaptingExplicitSqlNames>
        <autoUpdateSchema>false</autoUpdateSchema>
        <entities>
            <entity>
                <uuid>0e59da26-0ca2-4b0b-8c10-f2f8116fc486</uuid>
                <name>LA_Customer</name>
                <type>{urn:com:appian:types:LearnAppian}LA_Customer</type>
            </entity>
        </entities>
    </dataStore>
    <isPublished>true</isPublished>
    <roleMap>
        <role inherit="false" allowForAll="false" name="administrators">
            <users>
                <userUuid>Tammina.Trainee</userUuid>
            </users>
            <groups/>
        </role>
        <role inherit="false" allowForAll="false" name="authors">
            <users/>
            <groups/>
        </role>
        <role inherit="false" allowForAll="false" name="denyAdministrators">
            <users/>
            <groups/>
        </role>
        <role inherit="false" allowForAll="false" name="denyAuthors">
            <users/>
            <groups/>
        </role>
        <role inherit="false" allowForAll="false" name="denyReaders">
            <users/>
            <groups/>
        </role>
        <role inherit="false" allowForAll="false" name="readers">
            <users/>
            <groups/>
        </role>
    </roleMap>
    <history>
        <historyInfo versionUuid="_a-0000e0af-484c-8000-8592-01ef9001ef90_109384"/>
    </history>
</dataStoreHaul>
