<?xml version="1.0" encoding="UTF-8" standalone="yes"?>
<contentHaul xmlns:a="http://www.appian.com/ae/types/2009">
    <versionUuid>_a-0000e0af-484c-8000-8592-01ef9001ef90_109389</versionUuid>
    <rule>
        <name>LA_CustomerUI</name>
        <uuid>_a-0000e0af-484c-8000-8592-01ef9001ef90_109360</uuid>
        <description>to capture the customer details</description>
        <parentUuid>_a-0000e0af-484c-8000-8592-01ef9001ef90_109331</parentUuid>
        <visibility>
            <advertise>false</advertise>
            <hierarchy>true</hierarchy>
            <indexable>true</indexable>
            <quota>false</quota>
            <searchable>true</searchable>
            <system>false</system>
            <unlogged>false</unlogged>
        </visibility>
        <definition>= #"SYSTEM_SYSRULES_formLayout_v1"(
  label: "Customer Form",
  instructions: "provide the following customer information",
  contents: {
    #"SYSTEM_SYSRULES_columnsLayout"(
      columns: {
        #"SYSTEM_SYSRULES_columnLayout"(
          contents: {
            #"SYSTEM_SYSRULES_sectionLayout_v1"(
              label: "Basic Information",
              contents: {
                #"SYSTEM_SYSRULES_textField"(
                  label: "Name",
                  labelPosition: "ABOVE",
                  value: regexreplaceall(
                    "[0-9]",
                    ri!customer.name,
                    ""
                  ),
                  saveInto: ri!customer.name,
                  refreshAfter: "UNFOCUS",
                  required: true(),
                  validations: {
                    if(
                      len(
                        ri!customer.name
                      ) &gt; 100,
                      "Your text has exceeded 100 characters limit",
                      null
                    ),
                    if(
                      regexmatch(
                        "^[a-zA-Z ]{1,100}$",
                        ri!customer.name
                      ),
                      null,
                      "Cannot contain special characters/numbers"
                    )
                  }
                ),
                #"SYSTEM_SYSRULES_textField"(
                  label: "Email ID",
                  value: ri!customer.emailId,
                  saveInto: ri!customer.emailId,
                  refreshAfter: "UNFOCUS",
                  required: true(),
                  validations: {
                    if(
                      len(
                        ri!customer.emailId
                      ) &gt; 100,
                      "Your text has exceeded 100 characters limit",
                      null
                    ),
                    if(
                      regexmatch(
                        "^[a-zA-Z0-9]{1,50}@[a-zA-Z0-9]{1,50}.[a-zA-Z]{2,3}$",
                        ri!customer.emailId
                      ),
                      null,
                      "Invalid Email ID"
                    )
                  }
                ),
                #"SYSTEM_SYSRULES_textField"(
                  label: "Phone Number",
                  value: ri!customer.phone,
                  saveInto: ri!customer.phone,
                  refreshAfter: "UNFOCUS",
                  required: true(),
                  validations: {
                    if(
                      len(
                        ri!customer.phone
                      ) &gt; 50,
                      "Your text has exceeded 50 characters limit",
                      null
                    ),
                    if(
                      regexmatch(
                        "^[0-9\-\+ ]{1,50}$",
                        ri!customer.phone
                      ),
                      null,
                      "Invalid Phone Number"
                    )
                  }
                ),
                #"SYSTEM_SYSRULES_paragraphField"(
                  label: "Address",
                  labelPosition: "ABOVE",
                  value: ri!customer.address,
                  saveInto: ri!customer.address,
                  refreshAfter: "UNFOCUS",
                  height: "MEDIUM",
                  validations: if(
                    len(
                      ri!customer.address
                    ) &gt; 255,
                    "Your text has exceeded 255 characters limit",
                    null
                  )
                )
              }
            )
          }
        )
      }
    )
  },
  buttons: #"SYSTEM_SYSRULES_ButtonLayout"(
    primaryButtons: {
      #"SYSTEM_SYSRULES_ButtonWidgetSubmit"(
        label: "Submit",
        saveInto: {},
        style: "PRIMARY"
      )
    },
    secondaryButtons: {
      #"SYSTEM_SYSRULES_ButtonWidgetSubmit"(
        label: "Cancel",
        value: true,
        saveInto: ri!cancel,
        style: "NORMAL",
        skipValidation: true
      )
    }
  ),
  validations: {}
)</definition>
        <namedTypedValue>
            <name>cancel</name>
            <type>
                <name>boolean</name>
                <namespace>http://www.w3.org/2001/XMLSchema</namespace>
            </type>
        </namedTypedValue>
        <namedTypedValue>
            <name>customer</name>
            <type>
                <name>LA_Customer</name>
                <namespace>urn:com:appian:types:LearnAppian</namespace>
            </type>
        </namedTypedValue>
        <metadataExpr></metadataExpr>
        <preferredEditor>interface</preferredEditor>
        <offlineEnabled>false</offlineEnabled>
    </rule>
    <roleMap public="true">
        <role inherit="true" allowForAll="false" name="readers">
            <users/>
            <groups/>
        </role>
        <role inherit="true" allowForAll="false" name="authors">
            <users/>
            <groups/>
        </role>
        <role inherit="true" allowForAll="false" name="administrators">
            <users>
                <userUuid>Tammina.Trainee</userUuid>
            </users>
            <groups/>
        </role>
        <role inherit="false" allowForAll="false" name="denyReaders">
            <users/>
            <groups/>
        </role>
        <role inherit="false" allowForAll="false" name="denyAuthors">
            <users/>
            <groups/>
        </role>
        <role inherit="false" allowForAll="false" name="denyAdministrators">
            <users/>
            <groups/>
        </role>
    </roleMap>
    <history>
        <historyInfo versionUuid="_a-0000e0af-484c-8000-8592-01ef9001ef90_109389"/>
    </history>
</contentHaul>
