<?xml version="1.0" encoding="UTF-8" standalone="yes"?>
<processModelFolderHaul xmlns:a="http://www.appian.com/ae/types/2009">
    <versionUuid>_g-0000e0af-484c-8000-855d-014d98014d98_344</versionUuid>
    <processModelFolder>
        <name>LA_ProcessModels</name>
        <uuid>_g-0000e0af-484c-8000-855d-014d98014d98_342</uuid>
        <description>to store application level process models</description>
    </processModelFolder>
    <roleMap>
        <role name="ADMIN_OWNER">
            <users>
                <userUuid>Tammina.Trainee</userUuid>
            </users>
            <groups/>
        </role>
        <role name="EDITOR">
            <users/>
            <groups/>
        </role>
        <role name="EXPLICIT_NONMEMBER">
            <users/>
            <groups/>
        </role>
        <role name="VIEWER">
            <users/>
            <groups/>
        </role>
        <role name="MANAGER">
            <users/>
            <groups/>
        </role>
        <role name="INITIATOR">
            <users/>
            <groups/>
        </role>
    </roleMap>
    <history>
        <historyInfo versionUuid="_g-0000e0af-484c-8000-855d-014d98014d98_344"/>
    </history>
</processModelFolderHaul>
